Período,1º Campo,2º Campo,Milha,KPI,Meta 4 Pontos,Meta 2 Pontos,Resultado Final,PESO,Pontuação Máxima,Pontuação Atingida,GAP Pontuação,GAP Peso Ponderado
W24,JM TRANSP.,,SAFETY,Comunicação de Acidente,> 97 %,> 95 %,100 %,1.5,6,6,0.00 🟢,0
W26,JM TRANSP.,,SAFETY,Comunicação de Acidente,> 97 %,> 95 %,100 %,1.5,6,6,0.00 🟢,0
W25,JM TRANSP.,,SAFETY,Comunicação de Acidente,> 97 %,> 95 %,100 %,1.5,6,6,0.00 🟢,0
Mai,JM TRANSP.,,SAFETY,Comunicação de Acidente,> 97 %,> 95 %,100 %,1.5,6,6,0.00 🟢,0
W23,JM TRANSP.,,SAFETY,Comunicação de Acidente,> 97 %,> 95 %,100 %,1.5,6,6,0.00 🟢,0
W25,JM TRANSP.,,SAFETY,Investigação de Acidente no Prazo,> 97 %,> 95 %,100 %,1.5,6,6,0.00 🟢,0
W26,JM TRANSP.,,SAFETY,Investigação de Acidente no Prazo,> 97 %,> 95 %,100 %,1.5,6,6,0.00 🟢,0
Mai,JM TRANSP.,,SAFETY,Investigação de Acidente no Prazo,> 97 %,> 95 %,100 %,1.5,6,6,0.00 🟢,0
W23,JM TRANSP.,,SAFETY,Investigação de Acidente no Prazo,> 97 %,> 95 %,100 %,1.5,6,6,0.00 🟢,0
W24,JM TRANSP.,,SAFETY,Investigação de Acidente no Prazo,> 97 %,> 95 %,100 %,1.5,6,6,0.00 🟢,0
W24,JM TRANSP.,,SAFETY,Ad. Vec Fleet,> 90 %,> 88 %,84 %,6,24,0,-24.00 🔴,0
W26,JM TRANSP.,,SAFETY,Ad. Vec Fleet,> 90 %,> 88 %,84 %,6,24,0,-24.00 🔴,0
W23,JM TRANSP.,,SAFETY,Ad. Vec Fleet,> 90 %,> 88 %,84 %,6,24,0,-24.00 🔴,0
W25,JM TRANSP.,,SAFETY,Ad. Vec Fleet,> 90 %,> 88 %,84 %,6,24,0,-24.00 🔴,0
Mai,JM TRANSP.,,SAFETY,Ad. Vec Fleet,> 90 %,> 88 %,84 %,6,24,0,-24.00 🔴,0
W23,JM TRANSP.,,SAFETY,Telemetria Scorecard,> 90 %,> 85 %,77.44 %,7,28,0,-28.00 🔴,14
W25,JM TRANSP.,,SAFETY,Telemetria Scorecard,> 90 %,> 85 %,,7,28,0,-28.00 🔴,14
W24,JM TRANSP.,,SAFETY,Telemetria Scorecard,> 90 %,> 85 %,,7,28,0,-28.00 🔴,14
W26,JM TRANSP.,,SAFETY,Telemetria Scorecard,> 90 %,> 85 %,,7,28,0,-28.00 🔴,14
Mai,JM TRANSP.,,SAFETY,Telemetria Scorecard,> 90 %,> 85 %,78.4 %,7,28,0,-28.00 🔴,14
W23,JM TRANSP.,,SAFETY,Crash Rate (Graves),< 1.6,< 3.6,0,4,16,16,0.00 🟢,0
Mai,JM TRANSP.,,SAFETY,Crash Rate (Graves),< 1.6,< 3.6,0,4,16,16,0.00 🟢,0
W24,JM TRANSP.,,SAFETY,Crash Rate (Graves),< 1.6,< 3.6,0,4,16,16,0.00 🟢,0
W26,JM TRANSP.,,SAFETY,Crash Rate (Graves),< 1.6,< 3.6,0,4,16,16,0.00 🟢,0
W25,JM TRANSP.,,SAFETY,Crash Rate (Graves),< 1.6,< 3.6,0,4,16,16,0.00 🟢,0
Mai,JM TRANSP.,,SAFETY,Aderência Treinamentos Safety Driver,> 97 %,> 95 %,96.8 %,2.5,10,5,-5.00 🔴,3
W23,JM TRANSP.,,SAFETY,Aderência Treinamentos Safety Driver,> 97 %,> 95 %,95.75 %,2.5,10,5,-5.00 🔴,3
W24,JM TRANSP.,,SAFETY,Aderência Treinamentos Safety Driver,> 97 %,> 95 %,96.31 %,2.5,10,5,-5.00 🔴,3
W25,JM TRANSP.,,SAFETY,Aderência Treinamentos Safety Driver,> 97 %,> 95 %,95.17 %,2.5,10,5,-5.00 🔴,3
W26,JM TRANSP.,,SAFETY,Aderência Treinamentos Safety Driver,> 97 %,> 95 %,96.23 %,2.5,10,5,-5.00 🔴,3
W23,JM TRANSP.,,SAFETY,Aderência Treinamentos Safety Dispatcher,> 97 %,> 95 %,100 %,2.5,10,10,0.00 🟢,0
Mai,JM TRANSP.,,SAFETY,Aderência Treinamentos Safety Dispatcher,> 97 %,> 95 %,100 %,2.5,10,10,0.00 🟢,0
W26,JM TRANSP.,,SAFETY,Aderência Treinamentos Safety Dispatcher,> 97 %,> 95 %,100 %,2.5,10,10,0.00 🟢,0
W24,JM TRANSP.,,SAFETY,Aderência Treinamentos Safety Dispatcher,> 97 %,> 95 %,100 %,2.5,10,10,0.00 🟢,0
W25,JM TRANSP.,,SAFETY,Aderência Treinamentos Safety Dispatcher,> 97 %,> 95 %,100 %,2.5,10,10,0.00 🟢,0
Mai,JM TRANSP.,,SAFETY,Acidente Fatal,> 0,,0,0,0,0,0.00 🟢,0
W24,JM TRANSP.,,SAFETY,Acidente Fatal,> 0,,,0,0,0,0.00 🟢,0
W23,JM TRANSP.,,SAFETY,Acidente Fatal,> 0,,,0,0,0,0.00 🟢,0
W26,JM TRANSP.,,SAFETY,Acidente Fatal,> 0,,0,0,0,0,0.00 🟢,0
W25,JM TRANSP.,,SAFETY,Acidente Fatal,> 0,,,0,0,0,0.00 🟢,0
W25,JM TRANSP.,,FM - FULL,Pickup Sucess (SI) FULL,> 97.9 %,> 95.9 %,97.3 %,7,28,14,-14.00 🔴,0
Mai,JM TRANSP.,,FM - FULL,Pickup Sucess (SI) FULL,> 98 %,> 96 %,96.75 %,7,28,14,-14.00 🔴,0
W26,JM TRANSP.,,FM - FULL,Pickup Sucess (SI) FULL,> 97.9 %,> 95.9 %,97.63 %,7,28,14,-14.00 🔴,0
W23,JM TRANSP.,,FM - FULL,Pickup Sucess (SI) FULL,> 97.9 %,> 95.9 %,95.65 %,7,28,0,-28.00 🔴,1
W24,JM TRANSP.,,FM - FULL,Pickup Sucess (SI) FULL,> 97.9 %,> 95.9 %,96.4 %,7,28,14,-14.00 🔴,0
W26,JM TRANSP.,,FM - FULL,Pickup Sucess (Ontime) FULL,> 92.6 %,> 90.6 %,94.76 %,6,24,24,0.00 🟢,0
W25,JM TRANSP.,,FM - FULL,Pickup Sucess (Ontime) FULL,> 92.6 %,> 90.6 %,93.37 %,6,24,24,0.00 🟢,0
Mai,JM TRANSP.,,FM - FULL,Pickup Sucess (Ontime) FULL,> 94.2 %,> 92.2 %,92.12 %,6,24,0,-24.00 🔴,1
W23,JM TRANSP.,,FM - FULL,Pickup Sucess (Ontime) FULL,> 92.65 %,> 90.65 %,89.53 %,6,24,0,-24.00 🔴,1
W24,JM TRANSP.,,FM - FULL,Pickup Sucess (Ontime) FULL,> 92.6 %,> 90.6 %,88.75 %,6,24,0,-24.00 🔴,1
W25,JM TRANSP.,,FM - FULL,Aderência ao Perfil FULL,> 95 %,> 93 %,97.87 %,3,12,12,0.00 🟢,0
W23,JM TRANSP.,,FM - FULL,Aderência ao Perfil FULL,> 95 %,> 93 %,98.47 %,3,12,12,0.00 🟢,0
Mai,JM TRANSP.,,FM - FULL,Aderência ao Perfil FULL,> 95 %,> 93 %,94.78 %,3,12,6,-6.00 🔴,0
W26,JM TRANSP.,,FM - FULL,Aderência ao Perfil FULL,> 95 %,> 93 %,96.52 %,3,12,12,0.00 🟢,0
W24,JM TRANSP.,,FM - FULL,Aderência ao Perfil FULL,> 95 %,> 93 %,94.7 %,3,12,6,-6.00 🔴,0
W25,JM TRANSP.,,FM - FULL,1º Bipe FULL,> 85 %,> 83 %,89.06 %,3,12,12,0.00 🟢,0
W23,JM TRANSP.,,FM - FULL,1º Bipe FULL,> 85 %,> 83 %,92.51 %,3,12,12,0.00 🟢,0
Mai,JM TRANSP.,,FM - FULL,1º Bipe FULL,> 85 %,> 83 %,93.45 %,3,12,12,0.00 🟢,0
W24,JM TRANSP.,,FM - FULL,1º Bipe FULL,> 85 %,> 83 %,91.32 %,3,12,12,0.00 🟢,0
W26,JM TRANSP.,,FM - FULL,1º Bipe FULL,> 85 %,> 83 %,93.19 %,3,12,12,0.00 🟢,0
W23,JM TRANSP.,,FM - FULL,% Utilização Frota Fixa FULL,> 95 %,> 93 %,89.46 %,3,12,0,-12.00 🔴,0
Mai,JM TRANSP.,,FM - FULL,% Utilização Frota Fixa FULL,> 95 %,> 93 %,83.69 %,3,12,0,-12.00 🔴,0
W25,JM TRANSP.,,FM - FULL,% Utilização Frota Fixa FULL,> 95 %,> 93 %,84.96 %,3,12,0,-12.00 🔴,0
W26,JM TRANSP.,,FM - FULL,% Utilização Frota Fixa FULL,> 95 %,> 93 %,85.83 %,3,12,0,-12.00 🔴,0
W24,JM TRANSP.,,FM - FULL,% Utilização Frota Fixa FULL,> 95 %,> 93 %,84.79 %,3,12,0,-12.00 🔴,0
W25,JM TRANSP.,,FM - FULL,Ad. Config FULL,> 95 %,> 93 %,108.91 %,3,12,12,0.00 🟢,0
W23,JM TRANSP.,,FM - FULL,Ad. Config FULL,> 95 %,> 93 %,,3,12,0,-12.00 🔴,0
W24,JM TRANSP.,,FM - FULL,Ad. Config FULL,> 95 %,> 93 %,,3,12,0,-12.00 🔴,0
W26,JM TRANSP.,,FM - FULL,Ad. Config FULL,> 95 %,> 93 %,91.23 %,3,12,0,-12.00 🔴,0
Mai,JM TRANSP.,,FM - FULL,Ad. Config FULL,> 95 %,> 93 %,195.92 %,3,12,12,0.00 🟢,0
W24,JM TRANSP.,,FM - XD,Pickup Success,> 92.6 %,> 90.6 %,93.03 %,7,28,28,0.00 🟢,0
W26,JM TRANSP.,,FM - XD,Pickup Success,> 92.6 %,> 90.6 %,92.92 %,7,28,28,0.00 🟢,0
Mai,JM TRANSP.,,FM - XD,Pickup Success,> 92.9 %,> 90.9 %,94.8 %,7,28,28,0.00 🟢,0
W23,JM TRANSP.,,FM - XD,Pickup Success,> 92.6 %,> 90.6 %,93.37 %,7,28,28,0.00 🟢,0
W25,JM TRANSP.,,FM - XD,Pickup Success,> 92.6 %,> 90.6 %,93.06 %,7,28,28,0.00 🟢,0
Mai,JM TRANSP.,,FM - XD,Pickup Sucess Ontime,> 83.9 %,> 81.9 %,84.94 %,4,16,16,0.00 🟢,0
W26,JM TRANSP.,,FM - XD,Pickup Sucess Ontime,> 82.5 %,> 80.5 %,81.79 %,4,16,8,-8.00 🔴,3
W24,JM TRANSP.,,FM - XD,Pickup Sucess Ontime,> 82.5 %,> 80.5 %,84.01 %,4,16,16,0.00 🟢,0
W23,JM TRANSP.,,FM - XD,Pickup Sucess Ontime,> 82.52 %,> 80.52 %,84.07 %,4,16,16,0.00 🟢,0
W25,JM TRANSP.,,FM - XD,Pickup Sucess Ontime,> 82.5 %,> 80.5 %,81.86 %,4,16,8,-8.00 🔴,3
W26,JM TRANSP.,,FM - XD,Aderência ao Perfil,> 95 %,> 93 %,96.49 %,4,16,16,0.00 🟢,0
W24,JM TRANSP.,,FM - XD,Aderência ao Perfil,> 95 %,> 93 %,97.9 %,4,16,16,0.00 🟢,0
W23,JM TRANSP.,,FM - XD,Aderência ao Perfil,> 95 %,> 93 %,97.38 %,4,16,16,0.00 🟢,0
W25,JM TRANSP.,,FM - XD,Aderência ao Perfil,> 95 %,> 93 %,96.64 %,4,16,16,0.00 🟢,0
Mai,JM TRANSP.,,FM - XD,Aderência ao Perfil,> 95 %,> 93 %,96.89 %,4,16,16,0.00 🟢,0
Mai,JM TRANSP.,,FM - XD,1º Bipe - XD,> 85 %,> 83 %,93.6 %,4,16,16,0.00 🟢,0
W26,JM TRANSP.,,FM - XD,1º Bipe - XD,> 85 %,> 83 %,93.09 %,4,16,16,0.00 🟢,0
W24,JM TRANSP.,,FM - XD,1º Bipe - XD,> 85 %,> 83 %,92.51 %,4,16,16,0.00 🟢,0
W25,JM TRANSP.,,FM - XD,1º Bipe - XD,> 85 %,> 83 %,92.39 %,4,16,16,0.00 🟢,0
W23,JM TRANSP.,,FM - XD,1º Bipe - XD,> 85 %,> 83 %,92.36 %,4,16,16,0.00 🟢,0
W25,JM TRANSP.,,FM - XD,Aceite de Scheduling,> 95 %,> 93 %,98 %,3,12,12,0.00 🟢,0
W24,JM TRANSP.,,FM - XD,Aceite de Scheduling,> 95 %,> 93 %,82.28 %,3,12,0,-12.00 🔴,5
W26,JM TRANSP.,,FM - XD,Aceite de Scheduling,> 95 %,> 93 %,99.9 %,3,12,12,0.00 🟢,0
Mai,JM TRANSP.,,FM - XD,Aceite de Scheduling,> 95 %,> 93 %,93.44 %,3,12,6,-6.00 🔴,3
W23,JM TRANSP.,,FM - XD,Aceite de Scheduling,> 95 %,> 93 %,86.76 %,3,12,0,-12.00 🔴,5
W26,JM TRANSP.,,FM - XD,Ad. Config XD,> 97 %,> 95 %,,3,12,0,-12.00 🔴,5
W25,JM TRANSP.,,FM - XD,Ad. Config XD,> 97 %,> 95 %,,3,12,0,-12.00 🔴,5
W24,JM TRANSP.,,FM - XD,Ad. Config XD,> 97 %,> 95 %,3012.14 %,3,12,12,0.00 🟢,0
Mai,JM TRANSP.,,FM - XD,Ad. Config XD,> 97 %,> 95 %,96.47 %,3,12,6,-6.00 🔴,3
W23,JM TRANSP.,,FM - XD,Ad. Config XD,> 97 %,> 95 %,107.85 %,3,12,12,0.00 🟢,0
W26,JM TRANSP.,,LM,Delivery Success,> 98.2 %,> 96.5 %,95.75 %,7,28,0,-28.00 🔴,1
W23,JM TRANSP.,,LM,Delivery Success,> 98.2 %,> 96.59 %,96.11 %,7,28,0,-28.00 🔴,1
W25,JM TRANSP.,,LM,Delivery Success,> 98.2 %,> 96.5 %,96.07 %,7,28,0,-28.00 🔴,1
W24,JM TRANSP.,,LM,Delivery Success,> 98.2 %,> 96.5 %,96.4 %,7,28,0,-28.00 🔴,1
Mai,JM TRANSP.,,LM,Delivery Success,> 98.2 %,> 97.2 %,96.08 %,7,28,0,-28.00 🔴,1
W25,JM TRANSP.,,LM,PNR Anulado,> 0 %,,4.96 %,0,0,0,0.00 🟢,0
W23,JM TRANSP.,,LM,PNR Anulado,> 0 %,,15.79 %,0,0,0,0.00 🟢,0
W24,JM TRANSP.,,LM,PNR Anulado,> 0 %,,5.3 %,0,0,0,0.00 🟢,0
W26,JM TRANSP.,,LM,PNR Anulado,> 0 %,,2.91 %,0,0,0,0.00 🟢,0
Mai,JM TRANSP.,,LM,PNR Anulado,> 0 %,,12.18 %,0,0,0,0.00 🟢,0
W23,JM TRANSP.,,LM,% Real x D7 FDS (SVC) SPOT,> 90 %,> 80 %,54.55 %,4,16,0,-16.00 🔴,1
W25,JM TRANSP.,,LM,% Real x D7 FDS (SVC) SPOT,> 90 %,> 80 %,58.33 %,4,16,0,-16.00 🔴,0
W26,JM TRANSP.,,LM,% Real x D7 FDS (SVC) SPOT,> 90 %,> 80 %,75 %,4,16,0,-16.00 🔴,0
Mai,JM TRANSP.,,LM,% Real x D7 FDS (SVC) SPOT,> 90 %,> 80 %,64.29 %,4,16,0,-16.00 🔴,1
W24,JM TRANSP.,,LM,% Real x D7 FDS (SVC) SPOT,> 90 %,> 80 %,66.67 %,4,16,0,-16.00 🔴,0
W25,JM TRANSP.,,LM,Aceite Scheduling Pré Routing,< 5 %,< 7 %,4.14 %,4,16,16,0.00 🟢,0
W24,JM TRANSP.,,LM,Aceite Scheduling Pré Routing,< 5 %,< 7 %,3.78 %,4,16,16,0.00 🟢,0
W23,JM TRANSP.,,LM,Aceite Scheduling Pré Routing,< 5 %,< 7 %,5.03 %,4,16,8,-8.00 🔴,0
Mai,JM TRANSP.,,LM,Aceite Scheduling Pré Routing,< 5 %,< 7 %,5.74 %,4,16,8,-8.00 🔴,0
W26,JM TRANSP.,,LM,Aceite Scheduling Pré Routing,< 5 %,< 7 %,3.96 %,4,16,16,0.00 🟢,0
Mai,JM TRANSP.,,LM,SDD - % ER,> 95 %,> 93 %,73.61 %,5,20,0,-20.00 🔴,1
W26,JM TRANSP.,,LM,SDD - % ER,> 95 %,> 93 %,87.5 %,5,20,0,-20.00 🔴,1
W25,JM TRANSP.,,LM,SDD - % ER,> 95 %,> 93 %,89.78 %,5,20,0,-20.00 🔴,1
W23,JM TRANSP.,,LM,SDD - % ER,> 95 %,> 93 %,91.83 %,5,20,0,-20.00 🔴,1
W24,JM TRANSP.,,LM,SDD - % ER,> 95 %,> 93 %,95.76 %,5,20,20,0.00 🟢,0
W25,JM TRANSP.,,LM,% Utilização Frota Fixa (LM),> 95 %,> 93 %,84.96 %,5,20,0,-20.00 🔴,1
W24,JM TRANSP.,,LM,% Utilização Frota Fixa (LM),> 95 %,> 93 %,84.79 %,5,20,0,-20.00 🔴,1
Mai,JM TRANSP.,,LM,% Utilização Frota Fixa (LM),> 95 %,> 93 %,83.69 %,5,20,0,-20.00 🔴,1
W23,JM TRANSP.,,LM,% Utilização Frota Fixa (LM),> 95 %,> 93 %,89.46 %,5,20,0,-20.00 🔴,1
W26,JM TRANSP.,,LM,% Utilização Frota Fixa (LM),> 95 %,> 93 %,85.83 %,5,20,0,-20.00 🔴,1
W24,JM TRANSP.,,XPT,Delivery Success XPT,> 98.2 %,> 96.5 %,95.22 %,8,32,0,-32.00 🔴,1
W23,JM TRANSP.,,XPT,Delivery Success XPT,> 98.2 %,> 96.59 %,95.13 %,8,32,0,-32.00 🔴,1
Mai,JM TRANSP.,,XPT,Delivery Success XPT,> 98.2 %,> 97.2 %,95.21 %,8,32,0,-32.00 🔴,1
W25,JM TRANSP.,,XPT,Delivery Success XPT,> 98.2 %,> 96.5 %,94.75 %,8,32,0,-32.00 🔴,1
W26,JM TRANSP.,,XPT,Delivery Success XPT,> 98.2 %,> 96.5 %,95.01 %,8,32,0,-32.00 🔴,1
W25,JM TRANSP.,,XPT,% Real x D7 FDS (XPT) SPOT,> 90 %,> 80 %,80 %,6,24,12,-12.00 🔴,0
Mai,JM TRANSP.,,XPT,% Real x D7 FDS (XPT) SPOT,> 90 %,> 80 %,80 %,6,24,12,-12.00 🔴,0
W26,JM TRANSP.,,XPT,% Real x D7 FDS (XPT) SPOT,> 90 %,> 80 %,40 %,6,24,0,-24.00 🔴,1
W23,JM TRANSP.,,XPT,% Real x D7 FDS (XPT) SPOT,> 90 %,> 80 %,100 %,6,24,24,0.00 🟢,0
W24,JM TRANSP.,,XPT,% Real x D7 FDS (XPT) SPOT,> 90 %,> 80 %,100 %,6,24,24,0.00 🟢,0
W23,JM TRANSP.,,XPT,% Real x D7 Semana (XPT) SPOT,> 90 %,> 80 %,75 %,5,20,0,-20.00 🔴,1
W26,JM TRANSP.,,XPT,% Real x D7 Semana (XPT) SPOT,> 90 %,> 80 %,83.33 %,5,20,10,-10.00 🔴,0
W24,JM TRANSP.,,XPT,% Real x D7 Semana (XPT) SPOT,> 90 %,> 80 %,100 %,5,20,20,0.00 🟢,0
Mai,JM TRANSP.,,XPT,% Real x D7 Semana (XPT) SPOT,> 90 %,> 80 %,100 %,5,20,20,0.00 🟢,0
W25,JM TRANSP.,,XPT,% Real x D7 Semana (XPT) SPOT,> 90 %,> 80 %,83.33 %,5,20,10,-10.00 🔴,0
Mai,JM TRANSP.,,XPT,Telemetria MM XPT,> 72 %,> 70 %,67.31 %,6,24,0,-24.00 🔴,1
W25,JM TRANSP.,,XPT,Telemetria MM XPT,> 72 %,> 70 %,58.38 %,6,24,0,-24.00 🔴,1
W23,JM TRANSP.,,XPT,Telemetria MM XPT,> 72 %,> 70 %,72.2 %,6,24,24,0.00 🟢,0
W26,JM TRANSP.,,XPT,Telemetria MM XPT,> 72 %,> 70 %,,6,24,0,-24.00 🔴,1
W24,JM TRANSP.,,XPT,Telemetria MM XPT,> 72 %,> 70 %,54.35 %,6,24,0,-24.00 🔴,1
W24,JM TRANSP.,,XPT,BPP XPT,< 0 %,,2.15 %,0,0,0,0.00 🟢,0
W23,JM TRANSP.,,XPT,BPP XPT,< 0 %,,2.22 %,0,0,0,0.00 🟢,0
W26,JM TRANSP.,,XPT,BPP XPT,< 0 %,,0 %,0,0,0,0.00 🟢,0
Mai,JM TRANSP.,,XPT,BPP XPT,< 0 %,,7.55 %,0,0,0,0.00 🟢,0
W25,JM TRANSP.,,XPT,BPP XPT,< 0 %,,1.91 %,0,0,0,0.00 🟢,0
W23,JM TRANSP.,,SRM,Notificações Extrajudicial,< 0,< 0,,-3,-12,0,0.00 🟢,
W25,JM TRANSP.,,SRM,Notificações Extrajudicial,< 0,< 0,,-3,-12,0,0.00 🟢,
Mai,JM TRANSP.,,SRM,Notificações Extrajudicial,< 0,< 0,,-3,-12,0,0.00 🟢,
W24,JM TRANSP.,,SRM,Notificações Extrajudicial,< 0,< 0,,-3,-12,0,0.00 🟢,
W26,JM TRANSP.,,SRM,Notificações Extrajudicial,< 0,< 0,,-3,-12,0,0.00 🟢,
W24,JM TRANSP.,,SRM,Bloqueio de Drivers,< 1 %,,0.21 %,-3,-12,0,0.00 🟢,
Mai,JM TRANSP.,,SRM,Bloqueio de Drivers,< 1 %,,0.47 %,-3,-12,0,0.00 🟢,
W23,JM TRANSP.,,SRM,Bloqueio de Drivers,< 1 %,,0.14 %,-3,-12,0,0.00 🟢,
W26,JM TRANSP.,,SRM,Bloqueio de Drivers,< 1 %,,0 %,-3,-12,0,0.00 🟢,
W25,JM TRANSP.,,SRM,Bloqueio de Drivers,< 1 %,,0.21 %,-3,-12,0,0.00 🟢,
W25,JM TRANSP.,,SRM,Auditorias Supplier Program,> 80 %,> 70 %,91.76 %,-4,-16,0,0.00 🟢,
Mai,JM TRANSP.,,SRM,Auditorias Supplier Program,> 80 %,> 70 %,91.13 %,-4,-16,0,0.00 🟢,
W24,JM TRANSP.,,SRM,Auditorias Supplier Program,> 80 %,> 70 %,91.76 %,-4,-16,0,0.00 🟢,
W26,JM TRANSP.,,SRM,Auditorias Supplier Program,> 80 %,> 70 %,91.76 %,-4,-16,0,0.00 🟢,
W23,JM TRANSP.,,SRM,Auditorias Supplier Program,> 80 %,> 70 %,91.67 %,-4,-16,0,0.00 🟢,
W26,JM TRANSP.,,SRM,KPI BONUS,> 90 %,> 80 %,84.52 %,1,0,2,2.00 🟢,
W24,JM TRANSP.,,SRM,KPI BONUS,> 90 %,> 80 %,81.55 %,1,0,2,2.00 🟢,
W25,JM TRANSP.,,SRM,KPI BONUS,> 90 %,> 80 %,81.86 %,1,0,2,2.00 🟢,
W23,JM TRANSP.,,SRM,KPI BONUS,> 90 %,> 80 %,83.23 %,1,0,2,2.00 🟢,
Mai,JM TRANSP.,,SRM,KPI BONUS,> 90 %,> 80 %,82.11 %,1,0,2,2.00 🟢,
W27,JM TRANSP.,,SAFETY,Comunicação de Acidente,> 97 %,> 95 %,100 %,1.5,6,6,0.00 🟢,0
W27,JM TRANSP.,,SAFETY,Investigação de Acidente no Prazo,> 97 %,> 95 %,100 %,1.5,6,6,0.00 🟢,0
W27,JM TRANSP.,,SAFETY,Ad. Vec Fleet,> 90 %,> 88 %,84 %,6,24,0,-24.00 🔴,0
W27,JM TRANSP.,,SAFETY,Telemetria Scorecard,> 90 %,> 85 %,,7,28,0,-28.00 🔴,14
W27,JM TRANSP.,,SAFETY,Crash Rate (Graves),< 1.6,< 3.6,0,4,16,16,0.00 🟢,0
W27,JM TRANSP.,,SAFETY,Aderência Treinamentos Safety Driver,> 97 %,> 95 %,96.23 %,2.5,10,5,-5.00 🔴,3
W27,JM TRANSP.,,SAFETY,Aderência Treinamentos Safety Dispatcher,> 97 %,> 95 %,100 %,2.5,10,10,0.00 🟢,0
W27,JM TRANSP.,,SAFETY,Acidente Fatal,> 0,,0,0,0,0,0.00 🟢,0
W27,JM TRANSP.,,FM - FULL,Pickup Sucess (SI) FULL,> 97.9 %,> 95.9 %,97.63 %,7,28,14,-14.00 🔴,0
W27,JM TRANSP.,,FM - FULL,Pickup Sucess (Ontime) FULL,> 92.6 %,> 90.6 %,94.76 %,6,24,24,0.00 🟢,0
W27,JM TRANSP.,,FM - FULL,Aderência ao Perfil FULL,> 95 %,> 93 %,96.52 %,3,12,12,0.00 🟢,0
W27,JM TRANSP.,,FM - FULL,1º Bipe FULL,> 85 %,> 83 %,93.19 %,3,12,12,0.00 🟢,0
W27,JM TRANSP.,,FM - FULL,% Utilização Frota Fixa FULL,> 95 %,> 93 %,85.83 %,3,12,0,-12.00 🔴,0
W27,JM TRANSP.,,FM - FULL,Ad. Config FULL,> 95 %,> 93 %,91.23 %,3,12,0,-12.00 🔴,0
W27,JM TRANSP.,,FM - XD,Pickup Success,> 92.6 %,> 90.6 %,92.92 %,7,28,28,0.00 🟢,0
W27,JM TRANSP.,,FM - XD,Pickup Sucess Ontime,> 82.5 %,> 80.5 %,81.79 %,4,16,8,-8.00 🔴,3
W27,JM TRANSP.,,FM - XD,Aderência ao Perfil,> 95 %,> 93 %,96.49 %,4,16,16,0.00 🟢,0
W27,JM TRANSP.,,FM - XD,1º Bipe - XD,> 85 %,> 83 %,93.09 %,4,16,16,0.00 🟢,0
W27,JM TRANSP.,,FM - XD,Aceite de Scheduling,> 95 %,> 93 %,99.9 %,3,12,12,0.00 🟢,0
W27,JM TRANSP.,,FM - XD,Ad. Config XD,> 97 %,> 95 %,,3,12,0,-12.00 🔴,5
W27,JM TRANSP.,,LM,Delivery Success,> 98.2 %,> 96.5 %,95.75 %,7,28,0,-28.00 🔴,1
W27,JM TRANSP.,,LM,PNR Anulado,> 0 %,,2.91 %,0,0,0,0.00 🟢,0
W27,JM TRANSP.,,LM,% Real x D7 FDS (SVC) SPOT,> 90 %,> 80 %,75 %,4,16,0,-16.00 🔴,0
W27,JM TRANSP.,,LM,Aceite Scheduling Pré Routing,< 5 %,< 7 %,3.96 %,4,16,16,0.00 🟢,0
W27,JM TRANSP.,,LM,SDD - % ER,> 95 %,> 93 %,87.5 %,5,20,0,-20.00 🔴,1
W27,JM TRANSP.,,LM,% Utilização Frota Fixa (LM),> 95 %,> 93 %,85.83 %,5,20,0,-20.00 🔴,1
W27,JM TRANSP.,,XPT,Delivery Success XPT,> 98.2 %,> 96.5 %,95.01 %,8,32,0,-32.00 🔴,1
W27,JM TRANSP.,,XPT,% Real x D7 FDS (XPT) SPOT,> 90 %,> 80 %,40 %,6,24,0,-24.00 🔴,1
W27,JM TRANSP.,,XPT,% Real x D7 Semana (XPT) SPOT,> 90 %,> 80 %,83.33 %,5,20,10,-10.00 🔴,0
W27,JM TRANSP.,,XPT,Telemetria MM XPT,> 72 %,> 70 %,,6,24,0,-24.00 🔴,1
W27,JM TRANSP.,,XPT,BPP XPT,< 0 %,,0 %,0,0,0,0.00 🟢,0
W27,JM TRANSP.,,SRM,Notificações Extrajudicial,< 0,< 0,,-3,-12,0,0.00 🟢,
W27,JM TRANSP.,,SRM,Bloqueio de Drivers,< 1 %,,0 %,-3,-12,0,0.00 🟢,
W27,JM TRANSP.,,SRM,Auditorias Supplier Program,> 80 %,> 70 %,91.76 %,-4,-16,0,0.00 🟢,
W27,JM TRANSP.,,SRM,KPI BONUS,> 90 %,> 80 %,84.52 %,1,0,2,2.00 🟢,